{"1990s": {"avg movie rating": 8.484210526315787, "avg tv show rating": 9.05}, "2000s": {"avg movie rating": 8.677777777777779, "avg tv show rating": 8.45}, "2010s": {"avg movie rating": 8.0125, "avg tv show rating": 8.45}}