{"1990s": {"avg movie rating": 8.43181818181818, "avg tv show rating": 9.05}, "2000s": {"avg movie rating": 8.650000000000002, "avg tv show rating": 8.274999999999999}, "2010s": {"avg movie rating": 8.056, "avg tv show rating": 8.321428571428571}}