{"1990s": {"avg movie rating": 8.641666666666664, "avg tv show rating": 9.2}, "2000s": {"avg movie rating": 8.677777777777779, "avg tv show rating": 7.6}, "2010s": {"avg movie rating": 7.916666666666665, "avg tv show rating": 8.64}}