{"Movie Slope": -1.6323529411764706, "TV Show Slope": 2.6324786324786325, "Music Slope": 0.019189487179487156}