{"Movie Slope": 0.21428571428571427, "TV Show Slope": 0.9188034188034189, "Music Slope": 0.02427005698005704}